{"cameraMode":{"drawMode":0,"name":"Shaded","section":"Shading Mode"},"sceneLighting":false,"audioPlay":false,"sceneViewState":{"showFog":true,"showMaterialUpdate":true,"showSkybox":false,"showFlares":true,"showImageEffects":true,"showParticleSystems":true},"in2DMode":false,"pivot":{"x":251.439697265625,"y":861.4130249023438,"z":-59.056724548339847},"rotation":{"x":-0.052557915449142459,"y":0.9412384033203125,"z":-0.28677424788475039,"w":-0.17124061286449433},"size":47.92961502075195,"orthographic":false}