{"cameraMode":{"drawMode":0,"name":"Shaded","section":"Shading Mode"},"sceneLighting":true,"audioPlay":false,"sceneViewState":{"showFog":true,"showMaterialUpdate":true,"showSkybox":true,"showFlares":true,"showImageEffects":true,"showParticleSystems":true},"in2DMode":false,"pivot":{"x":339.8288269042969,"y":337.686767578125,"z":-169.74777221679688},"rotation":{"x":0.20580731332302094,"y":0.020530153065919877,"z":-0.0045167263597249989,"w":0.9785134196281433},"size":192.31027221679688,"orthographic":false}